admin2Name_en,admin2Pcode,admin2RefName,admin2AltName1_en,admin2AltName2_en,admin1Name_en,admin1Pcode,admin0Name_en,admin0Pcode,date,validOn,validTo
Afder,ET0508,,,,Somali,ET05,Ethiopia,ET,2019-08-19,2019-10-28,
Agnewak,ET1202,,,,Gambela,ET12,Ethiopia,ET,2019-08-19,2019-10-28,
Alle,ET0712,,,,SNNP,ET07,Ethiopia,ET,2019-08-19,2019-10-28,
Amaro,ET0721,,,,SNNP,ET07,Ethiopia,ET,2019-08-19,2019-10-28,
Arsi,ET0408,,,,Oromia,ET04,Ethiopia,ET,2019-08-19,2019-10-28,
Asosa,ET0603,,,,Benishangul Gumz,ET06,Ethiopia,ET,2019-08-19,2019-10-28,
Awi,ET0309,,,,Amhara,ET03,Ethiopia,ET,2019-08-19,2019-10-28,
Bale,ET0411,,,,Oromia,ET04,Ethiopia,ET,2019-08-19,2019-10-28,
Basketo,ET0716,,,,SNNP,ET07,Ethiopia,ET,2019-08-19,2019-10-28,
Bench Maji,ET0711,,,,SNNP,ET07,Ethiopia,ET,2019-08-19,2019-10-28,
Borena,ET0412,,,,Oromia,ET04,Ethiopia,ET,2019-08-19,2019-10-28,
Buno Bedele,ET0416,,,,Oromia,ET04,Ethiopia,ET,2019-08-19,2019-10-28,
Burji,ET0722,,,,SNNP,ET07,Ethiopia,ET,2019-08-19,2019-10-28,
Central,ET0102,,,,Tigray,ET01,Ethiopia,ET,2019-08-19,2019-10-28,
Central Gondar,ET0311,,,,Amhara,ET03,Ethiopia,ET,2019-08-19,2019-10-28,
Daawa,ET0511,,,,Somali,ET05,Ethiopia,ET,2019-08-19,2019-10-28,
Dawuro,ET0717,,,,SNNP,ET07,Ethiopia,ET,2019-08-19,2019-10-28,
Derashe,ET0723,,,,SNNP,ET07,Ethiopia,ET,2019-08-19,2019-10-28,
Dire Dawa rural,ET1502,,,,Dire Dawa,ET15,Ethiopia,ET,2019-08-19,2019-10-28,
Dire Dawa urban,ET1501,,,,Dire Dawa,ET15,Ethiopia,ET,2019-08-19,2019-10-28,
Doolo,ET0507,,,,Somali,ET05,Ethiopia,ET,2019-08-19,2019-10-28,
East Gojam,ET0306,,,,Amhara,ET03,Ethiopia,ET,2019-08-19,2019-10-28,
East Hararge,ET0410,,,,Oromia,ET04,Ethiopia,ET,2019-08-19,2019-10-28,
East Shewa,ET0407,,,,Oromia,ET04,Ethiopia,ET,2019-08-19,2019-10-28,
East Wellega,ET0402,,,,Oromia,ET04,Ethiopia,ET,2019-08-19,2019-10-28,
Eastern,ET0103,,,,Tigray,ET01,Ethiopia,ET,2019-08-19,2019-10-28,
Erer,ET0504,,,,Somali,ET05,Ethiopia,ET,2019-08-19,2019-10-28,
Etang Special woreda,ET1204,,,,Gambela,ET12,Ethiopia,ET,2019-08-19,2019-10-28,
Fafan,ET0502,,,,Somali,ET05,Ethiopia,ET,2019-08-19,2019-10-28,
Finfine Special,ET0420,,,,Oromia,ET04,Ethiopia,ET,2019-08-19,2019-10-28,
Gamo,ET0710,,,,SNNP,ET07,Ethiopia,ET,2019-08-19,2019-10-28,
Gedeo,ET0705,,,,SNNP,ET07,Ethiopia,ET,2019-08-19,2019-10-28,
Gofa,ET0715,,,,SNNP,ET07,Ethiopia,ET,2019-08-19,2019-10-28,
Guji,ET0414,,,,Oromia,ET04,Ethiopia,ET,2019-08-19,2019-10-28,
Guraghe,ET0701,,,,SNNP,ET07,Ethiopia,ET,2019-08-19,2019-10-28,
Hadiya,ET0702,,,,SNNP,ET07,Ethiopia,ET,2019-08-19,2019-10-28,
Halaba Special,ET0714,,,,SNNP,ET07,Ethiopia,ET,2019-08-19,2019-10-28,
Harari,ET1301,,,,Harari,ET13,Ethiopia,ET,2019-08-19,2019-10-28,
Horo Gudru Wellega,ET0419,,,,Oromia,ET04,Ethiopia,ET,2019-08-19,2019-10-28,
Ilu Aba Bora,ET0403,,,,Oromia,ET04,Ethiopia,ET,2019-08-19,2019-10-28,
Jarar,ET0503,,,,Somali,ET05,Ethiopia,ET,2019-08-19,2019-10-28,
Jimma,ET0404,,,,Oromia,ET04,Ethiopia,ET,2019-08-19,2019-10-28,
Kefa,ET0709,,,,SNNP,ET07,Ethiopia,ET,2019-08-19,2019-10-28,
Kelem Wellega,ET0418,,,,Oromia,ET04,Ethiopia,ET,2019-08-19,2019-10-28,
Kemashi,ET0604,,,,Benishangul Gumz,ET06,Ethiopia,ET,2019-08-19,2019-10-28,
Kembata Tibaro,ET0703,,,,SNNP,ET07,Ethiopia,ET,2019-08-19,2019-10-28,
Konso,ET0713,,,,SNNP,ET07,Ethiopia,ET,2019-08-19,2019-10-28,
Konta Special,ET0719,,,,SNNP,ET07,Ethiopia,ET,2019-08-19,2019-10-28,
Korahe,ET0505,,,,Somali,ET05,Ethiopia,ET,2019-08-19,2019-10-28,
Liban,ET0509,,,,Somali,ET05,Ethiopia,ET,2019-08-19,2019-10-28,
Mao Komo Special,ET0605,,,,Benishangul Gumz,ET06,Ethiopia,ET,2019-08-19,2019-10-28,
Mejenger,ET1203,,,,Gambela,ET12,Ethiopia,ET,2019-08-19,2019-10-28,
Mekele Special,ET0110,,,,Tigray,ET01,Ethiopia,ET,2019-08-19,2019-10-28,
Metekel,ET0602,,,,Benishangul Gumz,ET06,Ethiopia,ET,2019-08-19,2019-10-28,
Mirab Omo,ET0718,,,,SNNP,ET07,Ethiopia,ET,2019-08-19,2019-10-28,
Nogob,ET0510,,,,Somali,ET05,Ethiopia,ET,2019-08-19,2019-10-28,
North Gondar,ET0301,,,,Amhara,ET03,Ethiopia,ET,2019-08-19,2019-10-28,
North Shewa,ET0305,,,,Amhara,ET03,Ethiopia,ET,2019-08-19,2019-10-28,
North Shewa,ET0406,,,,Oromia,ET04,Ethiopia,ET,2019-08-19,2019-10-28,
North Wello,ET0303,,,,Amhara,ET03,Ethiopia,ET,2019-08-19,2019-10-28,
North Western,ET0101,,,,Tigray,ET01,Ethiopia,ET,2019-08-19,2019-10-28,
Nuwer,ET1201,,,,Gambela,ET12,Ethiopia,ET,2019-08-19,2019-10-28,
Oromia,ET0310,,,,Amhara,ET03,Ethiopia,ET,2019-08-19,2019-10-28,
Region 14,ET1401,,,,Addis Ababa,ET14,Ethiopia,ET,2019-08-19,2019-10-28,
Shabelle,ET0506,,,,Somali,ET05,Ethiopia,ET,2019-08-19,2019-10-28,
Sheka,ET0708,,,,SNNP,ET07,Ethiopia,ET,2019-08-19,2019-10-28,
Sidama,ET0704,,,,SNNP,ET07,Ethiopia,ET,2019-08-19,2019-10-28,
Siltie,ET0720,,,,SNNP,ET07,Ethiopia,ET,2019-08-19,2019-10-28,
Siti,ET0501,,,,Somali,ET05,Ethiopia,ET,2019-08-19,2019-10-28,
South Eastern,ET0106,,,,Tigray,ET01,Ethiopia,ET,2019-08-19,2019-10-28,
South Gondar,ET0302,,,,Amhara,ET03,Ethiopia,ET,2019-08-19,2019-10-28,
South Omo,ET0707,,,,SNNP,ET07,Ethiopia,ET,2019-08-19,2019-10-28,
South Wello,ET0304,,,,Amhara,ET03,Ethiopia,ET,2019-08-19,2019-10-28,
South West Shewa,ET0413,,,,Oromia,ET04,Ethiopia,ET,2019-08-19,2019-10-28,
Southern,ET0104,,,,Tigray,ET01,Ethiopia,ET,2019-08-19,2019-10-28,
Wag Hamra,ET0308,,,,Amhara,ET03,Ethiopia,ET,2019-08-19,2019-10-28,
West Arsi,ET0417,,,,Oromia,ET04,Ethiopia,ET,2019-08-19,2019-10-28,
West Gojam,ET0307,,,,Amhara,ET03,Ethiopia,ET,2019-08-19,2019-10-28,
West Gondar,ET0312,,,,Amhara,ET03,Ethiopia,ET,2019-08-19,2019-10-28,
West Guji,ET0415,,,,Oromia,ET04,Ethiopia,ET,2019-08-19,2019-10-28,
West Hararge,ET0409,,,,Oromia,ET04,Ethiopia,ET,2019-08-19,2019-10-28,
West Shewa,ET0405,,,,Oromia,ET04,Ethiopia,ET,2019-08-19,2019-10-28,
West Wellega,ET0401,,,,Oromia,ET04,Ethiopia,ET,2019-08-19,2019-10-28,
Western,ET0105,,,,Tigray,ET01,Ethiopia,ET,2019-08-19,2019-10-28,
Wolayita,ET0706,,,,SNNP,ET07,Ethiopia,ET,2019-08-19,2019-10-28,
Yem Special,ET0724,,,,SNNP,ET07,Ethiopia,ET,2019-08-19,2019-10-28,
Zone 1 (Awsi Rasu),ET0201,,,,Afar,ET02,Ethiopia,ET,2019-08-19,2019-10-28,
Zone 2 (Kilbet Rasu),ET0202,,,,Afar,ET02,Ethiopia,ET,2019-08-19,2019-10-28,
Zone 3 (Gabi Rasu),ET0203,,,,Afar,ET02,Ethiopia,ET,2019-08-19,2019-10-28,
Zone 4 (Fantana Rasu),ET0204,,,,Afar,ET02,Ethiopia,ET,2019-08-19,2019-10-28,
Zone 5 (Hari Rasu),ET0205,,,,Afar,ET02,Ethiopia,ET,2019-08-19,2019-10-28,
